Word,中文,詞性,例句,中文說明,EN,US
a,（英文字母表的第一個字母）,noun,This concerto is in the key of A major.,這首協奏曲是 A 大調。,/ə/,/eɪ/
abandon,離棄;放棄;拋棄;遺棄,verb,We had to abandon the car.,我們不得不棄車而去。,/əˈbændən/,/əˈbændən/
abandoned,被遺棄的;遭棄用的,adjective,An abandoned baby was found in a box on the hospital steps.,在醫院台階上的一個箱子裡發現了一個棄嬰。,/əˈbændənd/,/əˈbændənd/
ability,（體力或智力方面的）能力;才能，才智,noun,There's no doubting her ability.,她的能力毋庸置疑。,/əˈbɪləti/,/əˈbɪləti/
able,她能應付這項工作嗎？,adjective,Will she be able to cope with the work?,她能應付這項工作嗎？,/ˈeɪbl/,/ˈeɪbl/
about,在…方面；有關，關於，涉及,preposition,He's always going on about what a great job he's got.,他總是喋喋不休地炫耀他的工作有多麼好。,/əˈbaʊt/,/əˈbaʊt/
above,在（或向）…上面；在（或向）…較高處,adverb,There's a mirror above the sink.,洗碗槽上方有面鏡子。,/əˈbʌv/,/əˈbʌv/
abroad,在國外;到國外,adverb,We always go abroad in the summer.,我們夏天總是到國外去。,/əˈbrɔːd/,/əˈbrɔːd/
absence,缺席；缺勤；不在場,noun,A new manager was appointed during her absence.,她不在的時候任命了一位新經理。,/ˈæbsəns/,/ˈæbsəns/
absent,（尤指上課或工作）缺勤的；缺席的；不在場的,adjective,John has been absent from school/work for three days now.,約翰到現在已經曠課／曠工三天了。,/ˈæbsənt/,/ˈæbsənt/
absolute,完全的；全部的；絕對的；毋庸置疑的,adjective,a man of absolute integrity/discretion,剛正不阿／極度審慎的人,/ˈæbsəluːt/,/ˈæbsəluːt/
absolutely,完全地；絕對地,adverb,I believed/trusted him absolutely.,我絕對相信／信任他。,/ˈæbsəluːtli/,/ˈæbsəluːtli/
absorb,（尤指逐漸）吸收,verb,Plants absorb carbon dioxide.,植物吸收二氧化碳。,/əbˈzɔːb/,/əbˈzɔːrb/
abuse,（尤指為個人私利而）濫用;妄用,verb,She is continually abusing her position/authority by getting other people to do things for her.,她不斷濫用職權／權力，讓別人替她做事。,/əˈbjuːs/,/əˈbjuːs/
academic,學校的;學院的;學術的,adjective,academic subjects/qualifications/books,學科／學歷／學術書籍,/ˌækəˈdemɪk/,/ˌækəˈdemɪk/
accent,口音，腔調;土音,noun,He's got a strong southern/Boston accent.,他說話帶有很重的南方／波士頓口音。,/ˈæksent/,/ˈæksənt/
accept,接受;收受;領受,verb,Do you accept credit cards?,你們接受信用卡付帳嗎？,/əkˈsept/,/əkˈsept/
acceptable,令人滿意的；可以接受的；可容許的；贊同的,adjective,Clearly we need to come to an arrangement that is acceptable to both parties.,顯然我們需要作出一個雙方都能接受的安排。,/əkˈseptəbl/,/əkˈseptəbl/
access,通道;途徑;（接近某地或某人的）機會（或方法）;（使用某物的）權利,noun,The only access to the village is by boat.,到那個村子去的唯一方法是乘船。,/ˈækses/,/ˈækses/
accident,意外；不測；事故,noun,Josh had an accident and spilled water all over his work.,喬希不小心把作業上灑得都是水。,/ˈæksɪdənt/,/ˈæksɪdənt/
accidental,偶然的；意外的,adjective,Reports suggest that eleven soldiers were killed by accidental fire from their own side.,報導暗示11名士兵被己方炮火誤射而喪生。,/ˌæksɪˈdentl/,/ˌæksɪˈdentl/
accidentally,偶然地；意外地,adverb,I accidentally knocked a glass over.,我不小心打翻了一個杯子。,/ˌæksɪˈdentəli/,/ˌæksɪˈdentəli/
accommodation,住處;工作場所;停留處,noun,They paid for his flights and hotel accommodation.,他們支付了他的機票和酒店住宿。,/əˌkɒməˈdeɪʃn/,/əˌkɑːməˈdeɪʃn/
accompany,陪同，陪伴;伴隨，和…一起發生（或存在）,verb,The course books are accompanied by four CDs.,這些課本配有四張光碟。,/əˈkʌmpəni/,/əˈkʌmpəni/
according to,據…所說;按…所記載,preposition,According to Sarah they're not getting on very well at the moment.,據薩拉說，他們目前關係不是太好。,,
account,帳戶，戶口,noun,I withdrew my money and asked the bank to close my account. ,我在房屋互助協會開了個帳戶。,/əˈkaʊnt/,/əˈkaʊnt/
account for,（對某人）就…作出解釋;（對某人）就…作出說明,phrasal verb,Can you account for your absence last Friday?,你能解釋一下上週五你為甚麼缺勤嗎？,,
accurate,準確的；精確的；正確的,adjective,an accurate machine,精密的機器,/ˈækjərət/,/ˈækjərət/
accurately,準確地;精確地;正確地,adverb,The plans should be drawn as accurately as possible.,應儘可能準確地制定計劃。,/ˈækjərətli/,/ˈækjərətli/
accuse,指控，控告;指責;譴責,verb,"""It wasn't my fault."" ""Don't worry, I'm not accusing you.""",「不是我的錯。」「別擔心，我不是在指責你。」,/əˈkjuːz/,/əˈkjuːz/
achieve,（尤指經過努力）完成；達到；實現,verb,"The government's training policy, he claimed, was achieving its objectives.",他稱政府制定的培訓方針即將達到預期目標。,/əˈtʃiːv/,/əˈtʃiːv/
achievement,成就，成績；功績,noun,It gives you a sense of achievement if you actually make it to the end of a very long book.,如果你能真正讀完一本厚書，就會有一種成就感。,/əˈtʃiːvmənt/,/əˈtʃiːvmənt/
acid,酸,noun,acetic/hydrochloric/lactic acid,醋酸／鹽酸／乳酸,/ˈæsɪd/,/ˈæsɪd/
acknowledge,承認;認可…屬實或存在,verb,Historians generally acknowledge her as a genius in her field.,歷史學家公認她是該領域中的天才。,/əkˈnɒlɪdʒ/,/əkˈnɑːlɪdʒ/
a couple,幾步路,idiom,The museum is just a few steps from the hotel.,博物館距離飯店只有幾步之遙。,,
acquire,取得，獲得;購得;學到,verb,From humble beginnings he went on to acquire great wealth. ,我穿著一件新買的夾克衫。,/əˈkwaɪə(r)/,/əˈkwaɪər/
across,從一邊到另一邊;穿過;橫過,adverb,She walked across the field/road.,她穿過田野／橫過馬路。,/əˈkrɒs/,/əˈkrɔːs/
act,行為，行事；舉止，表現,verb,Don't be so silly - you're acting like a child!,別傻了——你的行為簡直就像個孩子！,/ækt/,/ækt/
action,（尤指應對問題或困難的）行動；行動過程；行為,noun,This problem calls for swift/prompt action from the government.,這個問題需要政府馬上採取行動。,/ˈækʃn/,/ˈækʃn/
active,忙於…的,adjective,"He is 90 years old, but remains active in the local community.",年紀大了，應該盡量保持身心活躍。,/ˈæktɪv/,/ˈæktɪv/
actively,積極地,adverb,He's very actively involved in (= does a lot of work for) the local party.,他積極參與地方政黨事務。,/ˈæktɪvli/,/ˈæktɪvli/
activity,活躍；繁忙；熱鬧,noun,Economists are concerned by the low level of economic activity.,經濟學家們都為經濟不景氣而擔憂。,/ækˈtɪvəti/,/ækˈtɪvəti/
actor,演員,noun,"""Who's your favourite actor?"" ""Robert de Niro.""",「你最喜歡的演員是誰？」「勞勃‧狄尼洛。」,/ˈæktə(r)/,/ˈæktər/
actress,女演員,noun,She's the highest-paid actress in Hollywood.,她是好萊塢片酬最高的女演員。,/ˈæktrəs/,/ˈæktrəs/
actual,現實的，實際的；真實的，真正的,adjective,"We had estimated about 300 visitors, but the actual number was much higher.",我們估計大約會有300名來賓，可實際人數要多得多。,/ˈæktʃuəl/,/ˈæktʃuəl/
actually,實際上；事實上；的確,adverb,I didn't actually see her - I just heard her voice.,實際上我並沒有看見她，只是聽到了她的聲音。,/ˈæktʃuəli/,/ˈæktʃuəli/
ad,廣告（advertisement的非正式說法）,noun,I often prefer the ads on TV to the actual programmes.,我常常對電視廣告比對節目本身更感興趣。,/æd/,/æd/
adapt,使適應不同情況（或用途）;改動;改造;改裝;改編,verb,Davies is busy adapting Brinkworth's latest novel for television.,大衛斯正忙著把布林克沃斯的最新小說改編成電視劇。,/əˈdæpt/,/əˈdæpt/
add,加，相加,verb,It's $45 - $50 if you add in the cost of postage.,45美元——加上郵費共50美元。,/æd/,/æd/
addition,加法,noun,Twice a week the children are tested in basic mathematical skills such as addition (= calculating the total of different numbers put together) and subtraction.,孩子每週要參加兩次加減法等基礎數學能力的測試。,/əˈdɪʃn/,/əˈdɪʃn/
additional,外加的，附加的；額外的；另外的,adjective,additional costs/problems,額外的費用／另外的問題,/əˈdɪʃənl/,/əˈdɪʃənl/
add on,增加；添加；擴建,phrasal verb,We’ve added on a couple of rooms to the house.,我們擴建了這座房子，增加了兩個房間。,,
address,地址;住址,noun,her business/home address,她的公司地址／家庭住址,/əˈdres/,/əˈdres/
add up,（把…）加起來，求（…的）和,phrasal verb,"If you add those four figures up, it comes to over £1,500.","這四個數字加起來總額超過1,500英鎊。",,
adequate,足夠的;合格的;合乎需要的,adjective,Have we got adequate food for 20 guests?,我們的食物夠招待20位客人嗎？,/ˈædɪkwət/,/ˈædɪkwət/
adequately,足夠地;合格地;合乎需要地,adverb,"While some patients can be adequately cared for at home, others are best served by care in a hospital.",雖然有些病人可以在家裡得到充分的照顧，但其他病人最好在醫院接受治療看護。,/ˈædɪkwətli/,/ˈædɪkwətli/
adjust,（尤指為了使某物更正確、有效或合適而）調整，調節,verb,If the chair is too high you can adjust it to suit you.,如果椅子太高了，你可以把它調到適合你的高度。,/əˈdʒʌst/,/əˈdʒʌst/
admiration,欽佩;羨慕;讚賞;欣賞,noun,My admiration for that woman grows daily.,我對那個女子的欽佩與日俱增。,/ˌædməˈreɪʃn/,/ˌædməˈreɪʃn/
admire,欣賞；羨慕,verb,"We stood for a few moments, admiring the view.",我們駐足了一會兒，欣賞美麗的景色。,/ədˈmaɪə(r)/,/ədˈmaɪər/
admit,（尤指不情願地）承認;供認;招認,verb,He admitted his guilt/mistake.,他承認有罪／犯了錯誤。,/ədˈmɪt/,/ədˈmɪt/
adopt,收養;領養,verb,They've adopted a baby girl.,他們領養了一個女嬰。,/əˈdɒpt/,/əˈdɑːpt/
adult,成年人;成年動物,noun,An adult under English law is someone over 18 years old.,根據英國法律規定，成年人是指18歲以上人士。,/ˈædʌlt/,/əˈdʌlt/
advance,（使）前進；使進步，使進展；使發展；促進,verb,The fire advanced steadily through the forest.,大火在森林中不斷蔓延。,/ədˈvɑːns/,/ədˈvæns/
advanced,先進的,adjective,This is the most advanced type of engine available.,這是現有的最先進的引擎。,/ədˈvɑːnst/,/ədˈvænst/
advantage,有利條件，有利因素；優勢；好處,noun,The advantage of booking tickets in advance is that you get better seats.,提前訂票的好處就是可以得到比較好的座位。,/ədˈvɑːntɪdʒ/,/ədˈvæntɪdʒ/
adventure,冒險，歷險;奇遇;刺激,noun,They went on an adventure hunting for treasure in the western hills. ,她在埃及經歷了一些很刺激的奇遇。,/ədˈventʃə(r)/,/ədˈventʃər/
advert,一則廣告,noun,an advert for the local radio station,當地廣播電臺推廣節目的廣告,/ˈædvɜːt/,/ˈædvɜːrt/
advertise,（尤指為了推銷某物）登廣告，做廣告，宣傳;公佈;徵聘,verb,We advertised our car in the local newspaper.,我們在當地報紙上登了廣告出售我們的轎車。,/ˈædvətaɪz/,/ˈædvərtaɪz/
advertisement,廣告;啟事,noun,I saw an advertisement for the new restaurant that opened in town. ,恐怕我不是這個減肥飲食計劃的活廣告，因為我的體重實際上是增加了！,/ədˈvɜːtɪsmənt/,/ˌædvərˈtaɪzmənt/
advertising,廣告（業）,noun,Fiona works in advertising.,菲奧納從事廣告業。,/ˈædvətaɪzɪŋ/,/ˈædvərtaɪzɪŋ/
advice,意見;忠告;勸告,noun,I need some advice on which computer to buy.,我需要聽聽別人的意見來決定買哪種電腦。,/ədˈvaɪs/,/ədˈvaɪs/
advise,勸告;忠告;向…提供意見，給…出主意,verb,I think I'd advise him to leave the company.,我想，我會建議他離開這家公司。,/ədˈvaɪz/,/ədˈvaɪz/
affair,事務;事情,noun,"As a leader, he's been criticized for his inexperience in foreign affairs.",她把自己的財務管理得井井有條、又快又好。,/əˈfeə(r)/,/əˈfer/
affect,影響；侵襲；感染；打動,verb,Both buildings were badly affected by the fire.,兩座樓都在大火中嚴重受損。,/əˈfekt/,/əˈfekt/
affection,喜愛;鍾愛;摯愛,noun,She felt no affection for the child.,她一點都不疼愛這個孩子。,/əˈfekʃn/,/əˈfekʃn/
afford,我不知道他靠薪水怎麼能買得起新車。,verb,I don't know how he can afford a new car on his salary.,我不知道他靠薪水怎麼能買得起新車。,/əˈfɔːd/,/əˈfɔːrd/
afraid,畏懼的，害怕的;擔憂的，發愁的,adjective,She was afraid for her children (= feared that they might be hurt).,她很擔心孩子的安全。,/əˈfreɪd/,/əˈfreɪd/
after,（時間、地點或順序）在…之後;（一個）接著（一個）,preposition,Let's go for a walk after breakfast.,我們吃過早餐去散步吧。,/ˈɑːftə(r)/,/ˈæftər/
afternoon,下午，午後,noun,It was a sunny afternoon.,那是一個陽光明媚的下午。,/ˌɑːftəˈnuːn/,/ˌæftərˈnuːn/
afterwards,過後，以後，後來,adverb,"We had tea, and afterwards we sat in the garden for a while.",我們喝了茶，後來在花園裡坐了一會兒。,/ˈɑːftəwədz/,/ˈæftərwərdz/
again,又，再一次,adverb,"Could you spell your name again, please?",請您再拼一次您的名字好嗎？,/əˈɡen/,/əˈɡeɪn/
against,反對;與…相反,preposition,She spoke against the decision to close the college.,她聲言反對關閉學院的決定。,/əˈɡenst/,/əˈɡeɪnst/
age,年齡，年紀;存在時間,noun,Do you know the age of that building?,你知道那座樓的歷史有多久嗎？,/eɪdʒ/,/eɪdʒ/
aged,…歲,adjective,"They've got one daughter, Isabel, aged three.",他們有個女兒，叫伊莎貝爾，三歲了。,/eɪdʒd/,/eɪdʒd/
agency,代理機構,noun,an advertising/employment/estate/travel agency,廣告（代理）公司／職業介紹所／房地產仲介公司／旅行社,/ˈeɪdʒənsi/,/ˈeɪdʒənsi/
agent,代理人；代理商,noun,Please contact our agent in Spain for further information.,如需更多資訊，請聯絡本公司在西班牙的代理。,/ˈeɪdʒənt/,/ˈeɪdʒənt/
aggressive,好鬥的;富於攻擊性的;挑釁的,adjective,The stereotype is that men tend to be more aggressive than women.,如果我批評他，他就會尋釁大吵大鬧。,/əˈɡresɪv/,/əˈɡresɪv/
ago,以前，從前,adverb,He left the house over an hour ago.,他一個多小時前離開了這所房子。,/əˈɡəʊ/,/əˈɡəʊ/
agree,持相同意見;贊成，贊同,verb,Ann and I never seem to agree.,安和我好像從來都沒有意見一致過。,/əˈɡriː/,/əˈɡriː/
agreement,意見一致;同意;應允,noun,The whole family was in agreement with her about/on what they should do.,對於他們應該做甚麼，全家人都和她意見一致。,/əˈɡriːmənt/,/əˈɡriːmənt/
ahead,在前面，在前方,adverb,The road ahead is very busy.,前面路上很擁擠。,/əˈhed/,/əˈhed/
aid,幫助；支持,noun,He gets about with the aid of a walking stick.,他拄著拐杖到處走動。,/eɪd/,/eɪd/
aim,目標，目的；意圖,noun,My main aim in life is to be a good husband and father.,我人生的主要目標是做一個好丈夫和好爸爸。,/eɪm/,/eɪm/
air,空氣,noun,I went outside to get some fresh air.,我到室外呼吸一下新鮮空氣。,/eə(r)/,/er/
aircraft,飛機；飛行器，航空器,noun,military aircraft,軍用飛機,/ˈeəkrɑːft/,/ˈerkræft/
airport,航空站，航空港，機場,noun,an international airport,國際機場,/ˈeəpɔːt/,/ˈerpɔːrt/
alarm,警報,noun,"If there's any trouble, raise/sound the alarm by pulling the emergency cord.",如果出現任何問題，拉緊急警報索報警。,/əˈlɑːm/,/əˈlɑːrm/
alarmed,受某事物驚嚇（或困擾）,adjective,I was a bit alarmed at/by how much weight she'd lost.,看到她瘦了那麼多，我有點兒擔心了。,/əˈlɑːmd/,/əˈlɑːrmd/
alarming,使人驚恐的，引起恐慌的；令人擔憂的,adjective,alarming news,令人恐慌的消息,/əˈlɑːmɪŋ/,/əˈlɑːrmɪŋ/
alcohol,酒;酒精，乙醇,noun,Most wines contain around twelve percent alcohol.,大多數的葡萄酒酒精含量都在12%左右。,/ˈælkəhɒl/,/ˈælkəhɔːl/
alcoholic,含酒精的,adjective,alcoholic drinks,含酒精的飲料,/ˌælkəˈhɒlɪk/,/ˌælkəˈhɑːlɪk/
alive,活（著）的;在世的,adjective,She's alive and well and living in New Zealand.,她生活得很好，目前住在紐西蘭。,/əˈlaɪv/,/əˈlaɪv/
all,每一個；全部，全體；所有,determiner,The judge cleared the court of all but (= everyone except) herself and the witness.,法官命令所有人離開法庭，只留下她自己和證人。,/ɔːl/,/ɔːl/
allied,結盟的，聯盟的，同盟的,adjective,an allied offensive,聯合攻勢,/ˈælaɪd/,/ˈælaɪd/
allow,使有可能;允許，准許;容許,verb,Do you think Dad will allow you to go to Jamie's party?,你認為爸爸會允許你去參加傑米的聚會嗎？,/əˈlaʊ/,/əˈlaʊ/
allow for,顧及，考慮到;為…留出餘地,phrasal verb,We allowed for living expenses of £20 a day.,我們每天給自己留出20英鎊的生活費用。,,
all right,（在某種程度上）令人滿意的，尚可的，還算可以的,adjective,"I wouldn't say she's rich, but she's doing all right.",我不能說她很富有，但是她日子過得還可以。,,
ally,（尤指戰時的）同盟國，盟友,noun,"During the First World War, Turkey was an ally of Germany.",美國是英國最忠實的盟友之一。,/ˈælaɪ/,/ˈælaɪ/
almost,幾乎，差不多，差一點，將近,adverb,She's almost 30.,她差不多快30歲了。,/ˈɔːlməʊst/,/ˈɔːlməʊst/
alone,單獨（的），獨自（的）;孤獨的（地），無伴的（地）,adjective,He likes being alone in the house.,他喜歡自己一個人呆在家裡。,/əˈləʊn/,/əˈləʊn/
along,沿著，順著，循著,preposition,a romantic walk along the beach/river,沿著海灘／河邊的浪漫散步,/əˈlɒŋ/,/əˈlɔːŋ/
alongside,在…旁邊；與…一起,preposition,A car pulled up alongside (ours).,一輛車開過來停在（我們車的）旁邊。,/əˌlɒŋˈsaɪd/,/əˌlɔːŋˈsaɪd/
aloud,大聲地;出聲地,adverb,He read her letter aloud to the rest of the family.,他把她的信大聲讀給家人聽。,/əˈlaʊd/,/əˈlaʊd/
alphabet,字母表,noun,the Roman/Cyrillic alphabet,羅馬/西瑞爾字母表,/ˈælfəbet/,/ˈælfəbet/
alphabetical,按字母排序的,adjective,an alphabetical list,按字母順序排列的名單,/ˌælfəˈbetɪkl/,/ˌælfəˈbetɪkl/
alphabetically,按字母順序地,adverb,I've arranged the pictures of the animals alphabetically from aardvark to zebra.,我按字母順序排列了動物的圖片，從aardvark（土豚）到zebra（斑馬）。,/ˌælfəˈbetɪkli/,/ˌælfəˈbetɪkli/
already,已經，早已,adverb,I asked him to come to the exhibition but he'd already seen it.,我請他去看展覽，可他早就看過了。,/ɔːlˈredi/,/ɔːlˈredi/
also,而且（也），此外（還）,adverb,She's a photographer and also writes books.,她是個攝影師，還是個作家。,/ˈɔːlsəʊ/,/ˈɔːlsəʊ/
alter,（通常指輕微地）改動，修改;改變，（使）變化,verb,We've had to alter some of our plans.,我們不得不對一些計劃作出改動。,/ˈɔːltə(r)/,/ˈɔːltər/
alternative,（計劃或方法）可替代的；可供選擇的,adjective,The opposition parties have so far failed to set out an alternative strategy.,反對黨到目前為止還沒有提出其他的策略。,/ɔːlˈtɜːnətɪv/,/ɔːlˈtɜːrnətɪv/
alternatively,（用來建議別種可能性）要不，或者,adverb,"We could go to the Indian restaurant, or alternatively, we could try that new Italian place.",我們可以去那家印度餐館，或者也可以到那家新開的義大利餐館嚐嚐。,/ɔːlˈtɜːnətɪvli/,/ɔːlˈtɜːrnətɪvli/
although,雖然，儘管,conjunction,"She walked home by herself, although she knew that it was dangerous.",她一個人步行回家，儘管她知道那樣做很危險。,/ɔːlˈðəʊ/,/ɔːlˈðəʊ/
altogether,總共，一共,adverb,"That'll be $52.50 altogether, please.",一共是52.5英鎊。,/ˌɔːltəˈɡeðə(r)/,/ˌɔːltəˈɡeðər/
always,總是;老是;每次都,adverb,It's always cold in this room.,這間屋裡總是那麼冷。,/ˈɔːlweɪz/,/ˈɔːlweɪz/
a.m.,（主語是第一人稱單數時）是,verb,Am I included?,包括我嗎？,,
amaze,使大為驚奇，使驚愕,verb,I was amazed by how well he looked.,看到他氣色這麼好，我大為驚奇。,/əˈmeɪz/,/əˈmeɪz/
amazed,十分驚奇的，驚愕的,adjective,She was amazed at how calm she felt after the accident.,事故發生後她是如此鎮定，這讓她自己都覺得驚奇。,/əˈmeɪzd/,/əˈmeɪzd/
amazing,令人驚詫的，驚人的；令人驚喜的,adjective,This stain remover really works - it's amazing!,這種去汙劑很有效——真想不到！,/əˈmeɪzɪŋ/,/əˈmeɪzɪŋ/
ambition,抱負；志向；雄心；野心,noun,His ambition is ultimately to run his own business.,他的抱負是最終能夠經營自己的公司。,/æmˈbɪʃn/,/æmˈbɪʃn/
ambulance,救護車,noun,I called an ambulance.,我叫了救護車。,/ˈæmbjələns/,/ˈæmbjələns/
among,在…中;為…所環繞,preposition,I saw a few familiar faces among the crowd.,我在人群中看見了幾張熟悉的面孔。,/əˈmʌŋ/,/əˈmʌŋ/
amount,（尤指不可數事物的）數量；數額；量；總數,noun,They didn't deliver the right amount of sand.,他們運來的沙子數量不對。,/əˈmaʊnt/,/əˈmaʊnt/
amount to,達到;總計,phrasal verb,"Their annual fuel bills amounted to over £6,000.",他们年燃料支出总额高达6千英镑。,,
amuse,（尤指透過幽默的言行）逗樂，逗笑;給…提供消遣（或娛樂）,verb,I've brought an article from yesterday's paper that I thought might amuse you.,我帶來了昨天報上的一篇文章，或許可以讓你開懷一笑。,/əˈmjuːz/,/əˈmjuːz/
amused,被逗樂的;感到好笑的,adjective,an amused smile,開心的微笑,/əˈmjuːzd/,/əˈmjuːzd/
amusing,好笑的，有趣的;引人發笑的,adjective,an amusing story/person/situation,有趣的故事／風趣的人／好笑的場面,/əˈmjuːzɪŋ/,/əˈmjuːzɪŋ/
analyse,分析,verb,Water samples taken from streams were analysed for contamination by chemicals.,對水質樣本進行分析，來測定溪流是否已受到化學品的污染。,/ˈænəlaɪz/,/ˈænəlaɪz/
analysis,分析,noun,Our financial experts conducted an independent analysis of the investment plan's performance.,克萊爾對於局勢的分析讓我很感興趣。,/əˈnæləsɪs/,/əˈnæləsɪs/
ancient,古代的；古老的；年代久遠的,adjective,ancient civilizations/rights/laws,古代文明／自古有之的權利／古代法律,/ˈeɪnʃənt/,/ˈeɪnʃənt/
and,（用於連接兩個詞、片語、句子成分或相關語句）和，及，又，並,conjunction,Ann and Jim,安和吉姆,/ənd/,/ən/
anger,怒，憤怒；怒火,noun,"I think he feels a lot of anger towards his father, who treated him very badly as a child.",我想，他對父親耿耿於懷，是因為小時候受到了他的虐待。,/ˈæŋɡə(r)/,/ˈæŋɡər/
angle,角;角度,noun,The interior angles of a square are right angles or angles of 90 degrees.,正方形的內角是直角，即90度角。,/ˈæŋɡl/,/ˈæŋɡl/
angrily,生氣地|憤怒地,adverb,"""Don't do that!"" she shouted angrily.",‘別那麽幹’她生氣地大聲喊道。,/ˈæŋɡrəli/,/ˈæŋɡrəli/
angry,發怒的，憤怒的，生氣的,adjective,He's really angry at/with me for upsetting Sophie.,因為我惹了索菲，他很生我的氣。,/ˈæŋɡri/,/ˈæŋɡri/
animal,（除人、鳥、魚和昆蟲之外的）動物；獸；牲畜,noun,wild/domestic animals,野生動物／家畜,/ˈænɪml/,/ˈænɪml/
ankle,踝關節;踝,noun,I fell over and twisted my ankle.,,/ˈæŋkl/,/ˈæŋkl/
anniversary,週年紀念；週年紀念日,noun,We always celebrate our wedding anniversary with dinner in an expensive restaurant.,我們總是去豪華飯店就餐來慶祝我們的結婚紀念日。,/ˌænɪˈvɜːsəri/,/ˌænɪˈvɜːrsəri/
announce,（尤指公開地）宣佈，宣告，通告,verb,They announced the death of their mother in the local paper.,他們在一家當地報紙上刊登了母親去世的訃告。,/əˈnaʊns/,/əˈnaʊns/
annoy,煩擾;打攪;使煩惱,verb,Tina really annoyed me in the meeting this morning.,在今天上午的會上，蒂娜真是把我氣壞了。,/əˈnɔɪ/,/əˈnɔɪ/
annoyed,生氣的；煩惱的,adjective,I was so annoyed with him for turning up late.,他姍姍來遲，我很生氣。,/əˈnɔɪd/,/əˈnɔɪd/
annoying,討厭的;惱人的,adjective,It's really annoying when a train is late and there's no explanation.,火車延誤而又不作任何解釋，這很令人惱火。,/əˈnɔɪɪŋ/,/əˈnɔɪɪŋ/
annual,一年一度的;每年的,adjective,an annual event/visit/holiday,年度大事／每年一次的訪問／每年的假期,/ˈænjuəl/,/ˈænjuəl/
annually,一年一度地;每年地,adverb,"Your starting salary is £23,000 per annum and will be reviewed annually.",你的起薪是每年23000英鎊，以後每年核定一次。,/ˈænjuəli/,/ˈænjuəli/
another,又一的，再一個的,determiner,I'm going to have another piece of cake.,我要再吃塊蛋糕。,/əˈnʌðə(r)/,/əˈnʌðər/
answer,回答;作答;答應;答覆;答案,noun,"In answer to your letter of 30 May, I am writing to accept your offer of £3,575 in compensation.",茲覆貴方5月30日來函，今特告我方接受貴方3575英鎊賠償金的提議。,/ˈɑːnsə(r)/,/ˈænsər/
anti-,反對的，對抗的,adjective,We've received a lot of anti letters about that newspaper article.,我們收到了很多信，都表明反對報紙上的那篇文章。,,
anticipate,預期，期望;預料,verb,We don't anticipate any trouble.,我們不希望出現任何問題。,/ænˈtɪsɪpeɪt/,/ænˈtɪsɪpeɪt/
anxiety,焦慮，不安，擔心,noun,Children normally feel a lot of anxiety about their first day at school.,第一天上學，孩子通常都會感到非常不安。,/æŋˈzaɪəti/,/æŋˈzaɪəti/
anxious,焦慮的，不安的，擔心的,adjective,My mother always gets a bit anxious if we don't arrive when we say we will.,如果我們沒有在說好的時間到達，我母親總會有些擔心。,/ˈæŋkʃəs/,/ˈæŋkʃəs/
anxiously,焦急地,adverb,We waited anxiously by the phone.,我們在電話旁焦急地等待著。,/ˈæŋkʃəsli/,/ˈæŋkʃəsli/
any,一些；一點；若干,determiner,Is there any of that lemon cake left?,檸檬蛋糕有沒有剩下一點啊？,/ˈeni/,/ˈeni/
anyone,（用於疑問句和否定句中）有人，任何人,pronoun,I haven't spoken to anyone all day.,我一整天都沒跟任何人說過話。,/ˈeniwʌn/,/ˈeniwʌn/
anything,（用於疑問句或否定句中）任何事物，任何東西,pronoun,Is there anything I can do to help?,有甚麼地方我可以幫忙的嗎？,/ˈeniθɪŋ/,/ˈeniθɪŋ/
anyway,不管怎樣;無論如何;仍然,adverb,Of course I don't mind taking you home - I'm going that way anyway.,我當然可以把你送回家——反正我也是順路。,/ˈeniweɪ/,/ˈeniweɪ/
anywhere,在（或去）任何地方;隨便哪個地方,adverb,You won't find a better plumber anywhere in England.,在英格蘭任何地方你都找不到比他更好的水管工了。,/ˈeniweə(r)/,/ˈeniwer/
apart,（指空間或時間）相隔，相距,adverb,Stand with your feet wide apart.,兩腿叉開站立，雙腳間距要大。,/əˈpɑːt/,/əˈpɑːrt/
apartment,公寓套房,noun,I'll give you the keys to my apartment.,我會把我公寓的鎖匙給你。,/əˈpɑːtmənt/,/əˈpɑːrtmənt/
apologize,道歉;認錯;謝罪,verb,I must apologize to Isobel for my lateness.,我遲到了，必須向伊莎貝爾道個歉。,/əˈpɒlədʒaɪz/,/əˈpɑːlədʒaɪz/
apparent,清晰可見的；顯而易見的；明白易懂的,adjective,Her unhappiness was apparent to everyone.,誰都看得出她很不開心。,/əˈpærənt/,/əˈpærənt/
apparently,據…所知；看來；據說；聽說,adverb,Apparently it's going to rain today.,看來今天會下雨。,/əˈpærəntli/,/əˈpærəntli/
appeal,（尤指向公眾的）呼籲，籲請，求助，懇求,noun,They're launching (= starting) an appeal to raise money for famine victims.,他們正在呼籲社會為饑民捐款。,/əˈpiːl/,/əˈpiːl/
appear,出現;呈現;顯現,verb,He suddenly appeared in the doorway.,他突然出現在門口。,/əˈpɪə(r)/,/əˈpɪr/
appearance,（公開）露面,noun,It was his first appearance on television/television appearance as president.,這是他就任總統以來首次在電視上亮相。,/əˈpɪərəns/,/əˈpɪrəns/
apple,蘋果,noun,to peel an apple,削蘋果,/ˈæpl/,/ˈæpl/
application,（通常指書面的）申請，請求,noun,a letter of application,求職信,/ˌæplɪˈkeɪʃn/,/ˌæplɪˈkeɪʃn/
apply,（尤指透過書面或表格形式）申請，請求,verb,We've applied for a grant to get funding for the project.,請將書面申請寄到以下地址。,/əˈplaɪ/,/əˈplaɪ/
appoint,任命;委任,verb,We've appointed three new teachers this year.,我們今年已經任用了三名新教師。,/əˈpɔɪnt/,/əˈpɔɪnt/
appointment,約會;預約;約定,noun,"I'd like to make an appointment with Dr Evans, please.",勞駕，我要預約埃文斯醫生的門診。,/əˈpɔɪntmənt/,/əˈpɔɪntmənt/
appreciate,欣賞；賞識；重視,verb,There's no point buying him expensive wines - he doesn't appreciate them.,給他買名貴的酒沒有用——他不懂品酒。,/əˈpriːʃieɪt/,/əˈpriːʃieɪt/
approach,靠近；接近；臨近,verb,We could just see the train approaching in the distance.,我們剛好能看到火車從遠處駛來。,/əˈprəʊtʃ/,/əˈprəʊtʃ/
appropriate,適當的，恰當的；合適的,adjective,appropriate footwear for the country,適合在鄉間穿的鞋,/əˈprəʊpriət/,/əˈprəʊpriət/
approval,贊成；同意；稱許,noun,He showed his approval by smiling broadly.,他持贊成的態度，這從他開心的微笑就看得出來。,/əˈpruːvl/,/əˈpruːvl/
approve,贊成;同意;稱許,verb,She doesn't approve of my friends.,她不喜歡我的朋友。,/əˈpruːv/,/əˈpruːv/
approving,讚許的;贊成的,adjective,She gave him an approving smile.,她向他微笑表示讚許。,/əˈpruːvɪŋ/,/əˈpruːvɪŋ/
approximate,大致的，大約的，大概的,adjective,The train's approximate time of arrival is 10.30.,這列火車大概在10點30分到站。,/əˈprɒksɪmət/,/əˈprɑːksɪmət/
approximately,大約，大概，左右,adverb,"The job will take approximately three weeks, and cost approximately £1,000.",這項工作大概需時三週，費用為1000英鎊左右。,/əˈprɒksɪmətli/,/əˈprɑːksɪmətli/
April,四月,noun,We came back in April.,我們四月份回來的。,,
area,地區;區域,noun,All areas of the country will have some rain tonight.,今晚全國所有地區都將有降雨。,/ˈeəriə/,/ˈeriə/
argue,爭論;爭吵;爭辯,verb,They were arguing over which film to go and see.,他們正在爭論去看哪部電影。,/ˈɑːɡjuː/,/ˈɑːrɡjuː/
argument,爭論;爭吵;爭辯;爭執,noun,The children had an argument about/over what game to play.,那群孩子為了玩哪個遊戲吵了起來。,/ˈɑːɡjumənt/,/ˈɑːrɡjumənt/
arise,發生；產生；出現,verb,"If the opportunity arises, I'd love to go to China.",聖誕節早上，我們早早地起了床。,/əˈraɪz/,/əˈraɪz/
arm,臂，手臂;上肢,noun,He held her in his arms (= held her closely).,他把她摟進懷中。,/ɑːm/,/ɑːrm/
armed,使用武器的，用武力的;帶武器的，武裝的,adjective,armed conflict,武裝衝突,/ɑːmd/,/ɑːrmd/
arms,武器；軍火；軍備,phrase,They have been charged with supplying arms to the guerrillas.,他們被指控向遊擊隊提供軍火。,/ɑːmz/,/ɑːrmz/
army,（某國的）陸軍，軍隊,noun,When did you join the army?,你甚麼時候從軍的？,/ˈɑːmi/,/ˈɑːrmi/
around,四處，周圍；圍繞，（環）繞；掉轉,preposition,We sat around the table.,我們圍著桌子坐著。,/əˈraʊnd/,/əˈraʊnd/
arrange,安排;準備;籌劃,verb,I'm trying to arrange my work so that I can have a couple of days off next week.,我正設法把工作安排好，以便下週能夠休息兩天。,/əˈreɪndʒ/,/əˈreɪndʒ/
arrangement,安排；籌劃；準備（工作）,noun,They'd made all the arrangements for the party.,他們為聚會作好了一切準備。,/əˈreɪndʒmənt/,/əˈreɪndʒmənt/
arrest,逮捕;拘捕,verb,He was arrested when customs officers found drugs in his bag.,海關人員在他的手提包裡發現了毒品，把他拘捕了。,/əˈrest/,/əˈrest/
arrival,到達;到來;來臨,noun,Hundreds gathered to await the boxer's arrival at the airport.,數百人聚集在機場等候拳擊手的到來。,/əˈraɪvl/,/əˈraɪvl/
arrive,到達，抵達（尤指到達旅途的終點）;到來;來臨,verb,What time will your train arrive?,你坐的火車甚麼時候到？,/əˈraɪv/,/əˈraɪv/
arrive at,達成…;作出…;得出…,phrasal verb,We all argued about it for hours and eventually arrived at a decision.,我們一起辯論了好幾個小時，最後終於作出決定。,,
arrow,箭;矢,noun,Robin Hood asked to be buried where his arrow landed.,羅賓漢讓人們把他安葬在他的箭落下的位置。,/ˈærəʊ/,/ˈærəʊ/
art,（包括雕塑、繪畫、音樂等的） 藝術,noun,Can television and pop music really be considered art?,電視和流行音樂真的能被當作藝術嗎？,/ɑːt/,/ɑːrt/
article,（報紙或雜誌上的）文章，報導;論文,noun,There was an interesting article on vegetarianism in the paper yesterday.,昨天報紙上登了一篇關於素食主義的有趣文章。,/ˈɑːtɪkl/,/ˈɑːrtɪkl/
artificial,人造的，人工的;仿造的,adjective,clothes made of artificial fibres,人造纖維質地的服裝,/ˌɑːtɪˈfɪʃl/,/ˌɑːrtɪˈfɪʃl/
artificially,人造地，人工地,adverb,Most mushrooms sold in supermarkets have been grown artificially in manure.,大多數超市裡出售的蘑菇都是在肥料中人工種植的。,/ˌɑːtɪˈfɪʃəli/,/ˌɑːrtɪˈfɪʃəli/
artist,藝術家;美術家;畫家;雕塑家,noun,Monet is one of my favourite artists.,莫內是我最喜歡的畫家之一。,/ˈɑːtɪst/,/ˈɑːrtɪst/
artistic,藝術的；美術的,adjective,the artistic director of the theatre,劇院美術指導,/ɑːˈtɪstɪk/,/ɑːrˈtɪstɪk/
artistically,藝術地，在藝術上;美術地,adverb,It is possible to express oneself creatively and artistically at a community art studio.,在社區藝術工作室裡，可以創造性地、藝術性地表達自己。,/ɑːˈtɪstɪkli/,/ɑːrˈtɪstɪkli/
as,（用於比較）像…（一樣），和…（一樣）,adverb,She'll soon be as tall as her mother.,她很快就會和她母親一樣高了。,/əz/,/æz/
ashamed,羞恥的，羞愧的;不好意思的，難為情的,adjective,You've got nothing to be ashamed of.,你沒有什麼可感到內疚的。,/əˈʃeɪmd/,/əˈʃeɪmd/
aside,在旁邊；到（或向）一邊,adverb,"Stand aside, please, and let these people pass.",請往邊上站一站，讓這些人過去。,/əˈsaɪd/,/əˈsaɪd/
ask,問，詢問;請求，徵求,verb,She asked me a question.,她向我問一個問題。,/ɑːsk/,/æsk/
asleep,睡著的,adjective,I'm surprised to see you awake - ten minutes ago you were fast/sound (= completely) asleep.,真奇怪，你怎麼醒了——十分鐘前你還睡得很甜呢。,/əˈsliːp/,/əˈsliːp/
aspect,方面；層面,noun,Which aspects of the job do you most enjoy?,你最喜歡這份工作的哪些方面？,/ˈæspekt/,/ˈæspekt/
assist,幫助；協助；援助,verb,You will be expected to assist the editor with the selection of illustrations for the book.,希望你能幫助編輯為此書挑選插圖。,/əˈsɪst/,/əˈsɪst/
assistance,幫助；協助；援助,noun,The company needs more financial assistance from the government.,這間公司需要政府提供更多的財政援助。,/əˈsɪstəns/,/əˈsɪstəns/
assistant,助手；幫手；助理,noun,an administrative/office assistant,行政／辦公室助理,/əˈsɪstənt/,/əˈsɪstənt/
associate,將…（與…）聯繫起來，把…聯繫在一起,verb,Most people associate this brand with good quality.,大多數人把這個品牌和優良品質聯繫在一起。,/əˈsəʊsieɪt/,/əˈsəʊʃieɪt/
associated,有關聯的；相關的,adjective,"She was prepared to take on the job, with all its associated risks.",她願意接受這份工作，儘管其伴有各種各樣的風險。,/əˈsəʊsieɪtɪd/,/əˈsəʊʃieɪtɪd/
association,協會;社團;聯盟,noun,The Football Association,足球協會,/əˌsəʊsiˈeɪʃn/,/əˌsəʊʃiˈeɪʃn/
assume,假定，假設;臆斷，想當然地認為,verb,We mustn't assume the suspects' guilt.,我們千萬不能想當然地認為疑犯有罪。,/əˈsjuːm/,/əˈsuːm/
assure,（尤指為消除其憂慮而）確定地對…說，向…保證，使確信;讓…放心,verb,The unions assured the new owners of the workers' loyalty to the company.,工會向新企業主保證，工人們對公司是忠誠的。,/əˈʃʊə(r)/,/əˈʃɔː(r)/
at,（表示地點或位置）在…裡;在…上;在…旁,preposition,We'll meet you at the entrance.,我們會在入口跟你碰頭。,/ət/,/æt/
atmosphere,（包圍地球的）大氣，大氣層，大氣圈,noun,These factories are releasing toxic gases into the atmosphere.,這些工廠向大氣中排放有毒氣體。,/ˈætməsfɪə(r)/,/ˈætməsfɪr/
atom,原子,noun,A molecule of carbon dioxide (CO2) has one carbon atom and two oxygen atoms.,二氧化碳（CO2）分子是由一個碳原子和兩個氧原子構成的。,/ˈætəm/,/ˈætəm/
attach,繫，綁；連接；使附著；附上；固定,verb,I attached a photo to my application form.,我在我的申請表上貼了一張相片。,/əˈtætʃ/,/əˈtætʃ/
attached,依戀;喜歡,adjective,The children are very attached to their grandparents.,孩子們非常依戀他們的祖父母。,/əˈtætʃt/,/əˈtætʃt/
attack,襲擊;毆打;攻擊;進攻,verb,He was attacked and seriously injured by a gang of youths.,他被一幫年輕人打成重傷。,/əˈtæk/,/əˈtæk/
attempt,（尤指為完成難事而進行）努力，嘗試,verb,He attempted to escape through a window.,他企圖跳窗逃跑。,/əˈtempt/,/əˈtempt/
attempted,（犯罪）未遂的,adjective,A man is being questioned in relation to the attempted murder/robbery last night.,一名男子因涉嫌昨晚的謀殺／搶劫未遂案受到盤問。,/əˈtemptɪd/,/əˈtemptɪd/
attend,出席，參加;到場,verb,Over two hundred people attended the funeral.,二百多人參加了葬禮。,/əˈtend/,/əˈtend/
attention,注意，留心；考慮；關心,noun,"Ladies and gentlemen, could I have your attention, please?",女士們、先生們，請大家注意一下好嗎？,/əˈtenʃn/,/əˈtenʃn/
attitude,心態;看法;態度,noun,It's often very difficult to change people's attitudes.,人們對事情的看法通常是很難改變的。,/ˈætɪtjuːd/,/ˈætɪtuːd/
attorney,律師,noun,a defense attorney,辯護律師,/əˈtɜːni/,/əˈtɜːrni/
attract,（尤因具有積極、值得讚賞的品質而）吸引;招引;引起,verb,These flowers are brightly coloured in order to attract butterflies.,這些花朵都有著鮮艷的色彩以便能夠吸引蝴蝶。,/əˈtrækt/,/əˈtrækt/
attraction,吸引（力）;有吸引力的事物,noun,"Life in Los Angeles has so many attractions - nightclubs, good restaurants, and so on.",洛杉磯的生活有很多誘人之處——夜總會、高級餐廳等等。,/əˈtrækʃn/,/əˈtrækʃn/
attractive,漂亮的;悅耳的;有魅力的;誘人的,adjective,a very attractive young woman,嫵媚動人的年輕女子,/əˈtræktɪv/,/əˈtræktɪv/
audience,觀眾；聽眾；讀者,noun,She lectures to audiences all over the world.,她向世界各地的聽眾發表演講。,/ˈɔːdiəns/,/ˈɔːdiəns/
August,八月,noun,They usually go to their holiday home in August.,他們通常八月去度假屋住。,,
aunt,姑母;姨母;嬸嬸;伯母;舅母,noun,I have an aunt in Australia.,我有一個姑媽在澳大利亞。,/ɑːnt/,/ænt/
author,作者，作家；著者,noun,He is the author of two books on French history.,他是兩部法國歷史著作的作者。,/ˈɔːθə(r)/,/ˈɔːθər/
authority,威信；權力；管轄權,noun,The United Nations has used/exerted/exercised its authority to restore peace in the area.,聯合國行使其權力以恢復該地區的和平。,/ɔːˈθɒrəti/,/əˈθɔːrəti/
automatic,自動的;自動化的,adjective,automatic doors,自動門,/ˌɔːtəˈmætɪk/,/ˌɔːtəˈmætɪk/
automatically,自動地,adverb,The camera adjusts the shutter speed automatically.,這部相機可自動調節快門速度。,/ˌɔːtəˈmætɪkli/,/ˌɔːtəˈmætɪkli/
autumn,秋天，秋季,noun,We like to travel in (the) autumn when there are fewer tourists.,我們喜歡在秋天出遊，那時遊客較少。,/ˈɔːtəm/,/ˈɔːtəm/
available,可獲得的；可用的,adjective,Is this dress available in a larger size?,這件衣服有大一號的嗎？,/əˈveɪləbl/,/əˈveɪləbl/
average,平均數;平均,noun,"The average of the three numbers 7, 12, and 20 is 13, because the total of 7, 12, and 20 is 39, and 39 divided by 3 is 13.",7、12和20這三個數的平均數是13，因為7、12和20的和是39，而39除以3是13。,/ˈævərɪdʒ/,/ˈævərɪdʒ/
avoid,避開;逃避,verb,I try to avoid supermarkets on Saturdays - they're always so busy.,我儘量避開週六去超級市場——那時總是人特別多。,/əˈvɔɪd/,/əˈvɔɪd/
awake,醒著的,adjective,"""Is Oliver awake yet?"" ""Yes, he's wide (= completely) awake and running around his bedroom.""",「奧利弗醒了嗎？」「是的，他完全醒了，正在睡房裡亂跑呢。」,/əˈweɪk/,/əˈweɪk/
award,給予，授予;判給，裁定,verb,Carlos was awarded first prize in the essay competition.,卡洛斯獲頒短文寫作比賽第一名。,/əˈwɔːd/,/əˈwɔːrd/
aware,意識到的;明白的;知道的,adjective,I wasn't even aware that he was ill.,我都不知道他生病了。,/əˈweə(r)/,/əˈwer/
away,去（或在）別處；向另一方向；向一邊,adverb,Ms Watson is away on holiday until the end of the week.,沃森女士度假去了，要到週末才能回來。,/əˈweɪ/,/əˈweɪ/
awful,極壞的;惡劣的;糟糕的;令人極不愉快的,adjective,He suffered awful injuries in the crash.,他在車禍中受了重傷。,/ˈɔːfl/,/ˈɔːfl/
awfully,非常;極其;十分,adverb,It's an awfully long time since we last saw each other.,我們很久沒有見面了。,/ˈɔːfli/,/ˈɔːfli/
awkward,難用的；棘手的；難處理的，難對付的,adjective,"It's an awkward corner, so take it slowly.",這個轉彎不好過，開慢一點。,/ˈɔːkwəd/,/ˈɔːkwərd/
awkwardly,局促不安地;尷尬地,adverb,He shifted awkwardly from one foot to the other.,他局促不安地站在那裡，雙腳倒來倒去。,/ˈɔːkwədli/,/ˈɔːkwərdli/
